,molecule_chembl_id,IC50,pIC50,units,smiles
0,CHEMBL84808,5000.0,5.301029995663981,nM,Nc1ccc2c(c1)C(=O)/C(=C/c1cc(Cl)c(O)c(Cl)c1)C2=O
1,CHEMBL84807,8000.0,5.096910013008056,nM,Nc1ccc2c(c1)C(=O)/C(=C/c1cc(Br)c(O)c(Br)c1)C2=O
2,CHEMBL82560,10000.0,5.0,nM,COc1ccc2c(c1)C(=O)/C(=C/c1cc(Br)c(O)c(Br)c1)C2=O
3,CHEMBL53856,11680.0,4.932557157223619,nM,Cn1cc(C2=C(c3c[nH]c4ccccc34)C(=O)NC2=O)c2ccccc21
4,CHEMBL97026,100000.0,4.0,nM,NCCNC1=C(c2cc3ccccc3[nH]2)C(=O)NC1=O
5,CHEMBL327291,300000.0,3.5228787452803374,nM,NCCCCCNC1=C(c2cc3ccccc3[nH]2)C(=O)NC1=O
6,CHEMBL329274,2000.0,5.698970004336019,nM,O=C1NC(=O)C(n2ccc3ccccc32)=C1n1ccc2ccccc21
7,CHEMBL545295,120.0,6.920818753952375,nM,CNCCCn1c2ccccc2c2c3c(c4c5ccccc5[nH]c4c21)C(=O)NC3=O.I
8,CHEMBL126922,14650.0,4.834162375309872,nM,O=C1NC(=O)C(c2cn(CCCO)c3ccccc23)=C1c1c[nH]c2ccccc12
9,CHEMBL124072,2200.0,5.657577319177793,nM,CN(C)CCCn1c2ccccc2c2c3c(c4c5ccccc5[nH]c4c21)C(=O)NC3=O
10,CHEMBL99572,210000.0,3.6777807052660805,nM,NC(N)=NCCCC(N)C(=O)NCCNCCCCCNC1=C(c2cc3ccccc3[nH]2)C(=O)NC1=O
11,CHEMBL123777,3520.0,5.453457336521868,nM,CNCCCn1cc(C2=C(c3c[nH]c4ccccc34)C(=O)NC2=O)c2ccccc21
12,CHEMBL95737,390000.0,3.4089353929735005,nM,NCCCNCCCNC1=C(c2cc3ccccc3[nH]2)C(=O)NC1=O
13,CHEMBL318650,120000.0,3.920818753952375,nM,NC(Cc1ccccc1)C(=O)NCCNCCCCCNC1=C(c2cc3ccccc3[nH]2)C(=O)NC1=O
14,CHEMBL95812,390000.0,3.4089353929735005,nM,NC(CCC(=O)O)C(=O)NCCCCCNC1=C(c2cc3ccccc3[nH]2)C(=O)NC1=O
15,CHEMBL100102,50000.0,4.301029995663981,nM,NCCCCCCNC1=C(c2cc3ccccc3[nH]2)C(=O)NC1=O
16,CHEMBL124620,16200.0,4.790484985457369,nM,Cn1cc(C2=C(c3c[nH]c4cc(F)ccc34)C(=O)NC2=O)c2ccccc21
17,CHEMBL97796,310000.0,3.508638306165727,nM,NCCNCCNC1=C(c2cc3ccccc3[nH]2)C(=O)NC1=O
18,CHEMBL1233654,3000.0,5.522878745280337,nM,C[C@H]1CNCCN1S(=O)(=O)c1cccc2cnccc12
19,CHEMBL339948,810.0,6.0915149811213505,nM,Cn1c2ccccc2c2c3c(c4c5ccccc5n(CC(O)CO)c4c21)C(=O)NC3=O
20,CHEMBL97768,150000.0,3.8239087409443187,nM,NCCCCCCCNC1=C(c2cc3ccccc3[nH]2)C(=O)NC1=O
21,CHEMBL338448,2400.0,5.619788758288394,nM,CO[C@H]1[C@@H](N(C)C(=O)c2ccccc2)C[C@@H]2O[C@@]1(C)n1c3ccccc3c3c4c(c5c6ccccc6n2c5c31)C(=O)NC4
22,CHEMBL131715,2600.0,5.585026652029182,nM,CO[C@H]1[C@@H](N(C)C(=O)c2ccc(Cl)cc2)C[C@@H]2O[C@@]1(C)n1c3ccccc3c3c4c(c5c6ccccc6n2c5c31)C(=O)NC4
23,CHEMBL435809,10000.0,5.0,nM,CO[C@H]1[C@@H](N(C)C(=O)c2ccc(C(=O)O)cc2)C[C@@H]2O[C@@]1(C)n1c3ccccc3c3c4c(c5c6ccccc6n2c5c31)C(=O)NC4
24,CHEMBL131020,1000.0,6.0,nM,CO[C@H]1[C@@H](N(C)S(C)(=O)=O)C[C@@H]2O[C@@]1(C)n1c3ccccc3c3c4c(c5c6ccccc6n2c5c31)C(=O)NC4
25,CHEMBL131590,1500.0,5.823908740944319,nM,CO[C@H]1[C@@H](N(C)C(=O)c2ccccc2Cl)C[C@@H]2O[C@@]1(C)n1c3ccccc3c3c4c(c5c6ccccc6n2c5c31)C(=O)NC4
26,CHEMBL444337,3200.0,5.494850021680094,nM,COC(=O)CN(C)[C@H]1C[C@@H]2O[C@](C)([C@H]1OC)n1c3ccccc3c3c4c(c5c6ccccc6n2c5c31)C(=O)NC4
27,CHEMBL339799,1850.0,5.732828271596986,nM,CN[C@H]1C[C@@H]2O[C@](C)([C@H]1OC)n1c3ccccc3c3c4c(c5c6ccccc6n2c5c31)C(=O)N[C@H]4O
28,CHEMBL131426,1400.0,5.853871964321762,nM,CO[C@H]1[C@@H](N(C)CCC#N)C[C@@H]2O[C@@]1(C)n1c3ccccc3c3c4c(c5c6ccccc6n2c5c31)C(=O)NC4
29,CHEMBL434415,55.0,7.259637310505756,nM,CO[C@H]1[C@@H](N(C)c2ccccc2)C[C@@H]2O[C@@]1(C)n1c3ccccc3c3c4c(c5c6ccccc6n2c5c31)C(=O)NC4
30,CHEMBL338935,360.0,6.443697499232712,nM,CO[C@H]1[C@@H](N(C)C(=O)CN)C[C@@H]2O[C@@]1(C)n1c3ccccc3c3c4c(c5c6ccccc6n2c5c31)C(=O)NC4
31,CHEMBL335012,380.0,6.42021640338319,nM,CO[C@H]1[C@@H](N(C)C(=O)c2cccnc2)C[C@@H]2O[C@@]1(C)n1c3ccccc3c3c4c(c5c6ccccc6n2c5c31)C(=O)NC4
32,CHEMBL132348,140.0,6.853871964321762,nM,CO[C@H]1[C@@H](N(C)CC(=O)O)C[C@@H]2O[C@@]1(C)n1c3ccccc3c3c4c(c5c6ccccc6n2c5c31)C(=O)NC4
33,CHEMBL132169,1500.0,5.823908740944319,nM,COc1ccc(C(=O)N(C)[C@H]2C[C@@H]3O[C@](C)([C@H]2OC)n2c4ccccc4c4c5c(c6c7ccccc7n3c6c42)C(=O)NC5)cc1
34,CHEMBL335648,68.0,7.167491087293763,nM,CO[C@H]1[C@@H]([N+](C)(C)C)C[C@@H]2O[C@@]1(C)n1c3ccccc3c3c4c(c5c6ccccc6n2c5c31)C(=O)NC4
35,CHEMBL338956,300.0,6.522878745280337,nM,CO[C@H]1[C@@H](N(C)C(=O)c2ccccc2)C[C@@H]2O[C@@]1(C)n1c3ccccc3c3c4c(c5c6ccccc6n2c5c31)C(=O)N[C@@H]4O
36,CHEMBL335718,360.0,6.443697499232712,nM,CCCCC(O)CN(C)[C@H]1C[C@@H]2O[C@](C)([C@H]1OC)n1c3ccccc3c3c4c(c5c6ccccc6n2c5c31)C(=O)NC4
37,CHEMBL130163,1500.0,5.823908740944319,nM,CO[C@H]1[C@@H](N(C)C(C)=O)C[C@@H]2O[C@@]1(C)n1c3ccccc3c3c4c(c5c6ccccc6n2c5c31)C(=O)NC4
38,CHEMBL335932,17000.0,4.769551078621726,nM,CO[C@H]1[C@@H](N(C)C(=O)C(F)(F)F)C[C@@H]2O[C@@]1(C)n1c3ccccc3c3c4c(c5c6ccccc6n2c5c31)C(=O)NC4
39,CHEMBL336192,3670.0,5.435333935747911,nM,COC(=O)c1ccc(C(=O)N(C)[C@H]2C[C@@H]3O[C@](C)([C@H]2OC)n2c4ccccc4c4c5c(c6c7ccccc7n3c6c42)C(=O)NC5)cc1
40,CHEMBL388978,15.0,7.823908740944319,nM,CN[C@@H]1C[C@H]2O[C@@](C)([C@@H]1OC)n1c3ccccc3c3c4c(c5c6ccccc6n2c5c31)C(=O)NC4
41,CHEMBL129946,1600.0,5.795880017344075,nM,CCN(C)[C@H]1C[C@@H]2O[C@](C)([C@H]1OC)n1c3ccccc3c3c4c(c5c6ccccc6n2c5c31)C(=O)NC4
42,CHEMBL337027,700.0,6.154901959985743,nM,CO[C@H]1[C@@H](N(C)C(=O)CCC(=O)O)C[C@@H]2O[C@@]1(C)n1c3ccccc3c3c4c(c5c6ccccc6n2c5c31)C(=O)NC4
43,CHEMBL338449,28000.0,4.552841968657781,nM,CO[C@H]1[C@@H](N(C)C(=O)OC(C)(C)C)C[C@@H]2O[C@@]1(C)n1c3ccccc3c3c4c(c5c6ccccc6n2c5c31)C(=O)NC4
44,CHEMBL339364,1570.0,5.804100347590767,nM,CO[C@H]1[C@@H](N(C)C(=O)C2CCCCC2)C[C@@H]2O[C@@]1(C)n1c3ccccc3c3c4c(c5c6ccccc6n2c5c31)C(=O)NC4
45,CHEMBL130049,480.0,6.318758762624412,nM,COC(=O)N(C)[C@H]1C[C@@H]2O[C@](C)([C@H]1OC)n1c3ccccc3c3c4c(c5c6ccccc6n2c5c31)C(=O)NC4
46,CHEMBL335931,2250.0,5.647817481888637,nM,CO[C@H]1[C@@H](N(C)C(=O)CNC(=O)OC(C)(C)C)C[C@@H]2O[C@@]1(C)n1c3ccccc3c3c4c(c5c6ccccc6n2c5c31)C(=O)NC4
47,CHEMBL337026,26.0,7.585026652029182,nM,CN[C@H]1C[C@@H]2O[C@](C)([C@H]1OC)n1c3ccccc3c3c4c(c5c6ccccc6n2c5c31)C(=O)NC4=O
48,CHEMBL340611,270.0,6.568636235841012,nM,CC[N+](C)(C)[C@H]1C[C@@H]2O[C@](C)([C@H]1OC)n1c3ccccc3c3c4c(c5c6ccccc6n2c5c31)C(=O)NC4
49,CHEMBL338944,6800.0,5.167491087293763,nM,CO[C@H]1[C@@H](N(C)C(=O)c2cccc(Cl)c2)C[C@@H]2O[C@@]1(C)n1c3ccccc3c3c4c(c5c6ccccc6n2c5c31)C(=O)NC4
50,CHEMBL337297,750.0,6.1249387366083,nM,CO[C@H]1[C@@H](N(C)C(=O)c2cnccn2)C[C@@H]2O[C@@]1(C)n1c3ccccc3c3c4c(c5c6ccccc6n2c5c31)C(=O)NC4
51,CHEMBL338049,1150.0,5.939302159646388,nM,CN[C@H]1C[C@@H]2O[C@](C)([C@H]1OC)n1c3ccccc3c3c4c(c5c6ccccc6n2c5c31)C(=O)N[C@@H]4O
52,CHEMBL130181,3300.0,5.481486060122112,nM,CN[C@H]1C[C@@H]2O[C@](C)([C@H]1OC)n1c3ccccc3c3c4c(c5c6ccccc6n2c5c31)[C@@H](O)NC4=O
53,CHEMBL131193,480.0,6.318758762624412,nM,CO[C@H]1[C@@H](N(C)Cc2ccccc2)C[C@@H]2O[C@@]1(C)n1c3ccccc3c3c4c(c5c6ccccc6n2c5c31)C(=O)NC4
54,CHEMBL337035,1600.0,5.795880017344075,nM,CNC(=S)N(C)[C@H]1C[C@@H]2O[C@](C)([C@H]1OC)n1c3ccccc3c3c4c(c5c6ccccc6n2c5c31)C(=O)NC4
55,CHEMBL338155,2250.0,5.647817481888637,nM,CN[C@H]1C[C@@H]2O[C@](C)([C@H]1OC)n1c3ccccc3c3c4c(c5c6ccccc6n2c5c31)[C@H](O)NC4=O
56,CHEMBL130208,2500.0,5.6020599913279625,nM,CO[C@H]1[C@@H](N(C)C(=O)c2cccc([N+](=O)[O-])c2)C[C@@H]2O[C@@]1(C)n1c3ccccc3c3c4c(c5c6ccccc6n2c5c31)C(=O)NC4
57,CHEMBL335020,750.0,6.1249387366083,nM,CO[C@H]1[C@@H](N(C)C(=O)c2ccccc2)C[C@@H]2O[C@@]1(C)n1c3ccccc3c3c4c(c5c6ccccc6n2c5c31)C(=O)NC4=O
58,CHEMBL538718,2800.0,5.552841968657781,nM,CN1C[C@@H]2Cn3c(c(C4=C(c5cn(C)c6ccccc56)C(=O)NC4=O)c4ccccc43)C[C@H]2C1.Cl
59,CHEMBL26501,223375.0,3.6509654344862996,nM,CN(C)C[C@H]1CCn2c(c(C3=C(c4cn(C)c5ccccc45)C(=O)NC3=O)c3ccccc32)C1
60,CHEMBL306884,2000.0,5.698970004336019,nM,O=C(NC1CN2CCC(CC2)C1OC(=O)c1cc(O)c(C(=O)c2c(O)cccc2C(=O)O)c(O)c1)c1ccc(O)cc1
61,CHEMBL71331,30.0,7.522878745280337,nM,O=C(NC1CCC[C@@H]1OC(=O)c1cc(O)c(C(=O)c2c(O)cccc2C(=O)O)c(O)c1)c1ccc(O)cc1
62,CHEMBL311399,60.0,7.221848749616356,nM,O=C(N[C@@H]1CNCCCC1OC(=O)c1cc(O)c(C(=O)c2c(O)cccc2C(=O)O)c(O)c1)c1ccc(O)cc1
63,CHEMBL305667,1900.0,5.721246399047171,nM,O=C(NC1C2CCC(C2)C1OC(=O)c1cc(O)c(C(=O)c2c(O)cccc2C(=O)O)c(O)c1)c1ccc(O)cc1
64,CHEMBL72480,32000.0,4.494850021680094,nM,O=C(NC1C2CC(C3CCCC32)C1OC(=O)c1cc(O)c(C(=O)c2c(O)cccc2C(=O)O)c(O)c1)c1ccc(O)cc1
65,CHEMBL422056,70.0,7.154901959985743,nM,O=C(NC1CNC[C@@H]1OC(=O)c1cc(O)c(C(=O)c2c(O)cccc2C(=O)O)c(O)c1)c1ccc(O)cc1
66,CHEMBL306170,26000.0,4.585026652029182,nM,CC1(C)C2CCC1(C)C(OC(=O)c1cc(O)c(C(=O)c3c(O)cccc3C(=O)O)c(O)c1)C2NC(=O)c1ccc(O)cc1
67,CHEMBL10,50000.0,4.301029995663981,nM,C[S+]([O-])c1ccc(-c2nc(-c3ccc(F)cc3)c(-c3ccncc3)[nH]2)cc1
68,CHEMBL428690,960000.0,3.017728766960432,nM,CN1CC[C@H](c2c(O)cc(O)c3c(=O)cc(-c4ccccc4Cl)oc23)[C@H](O)C1
69,CHEMBL421565,1200.0,5.920818753952375,nM,Cn1cc(C2=C(c3c4n(c5ccccc35)CCC(CN)C4)C(=O)NC2=O)c2ccccc21
70,CHEMBL1202927,5900.0,5.229147988357855,nM,CN(C)CC1CCn2c(c(C3=C(c4cn(C)c5ccccc45)C(=O)NC3=O)c3ccccc32)C1.Cl
71,CHEMBL318076,3020.0,5.51999305704285,nM,O=C1NC(=O)c2c1c1c3ccc(F)cc3[nH]c1c1c2c2cccc3c2n1C(CO)CC3
72,CHEMBL538270,383.0,6.416801226031377,nM,CNCC1Cc2cccc3c(C4=C(c5c[nH]c6cc(F)ccc56)C(=O)NC4=O)cn(c23)C1.Cl
73,CHEMBL322172,858.0,6.066512712151295,nM,O=C1NC(=O)c2c1c1c3ccccc3[nH]c1c1c2c2cccc3c2n1C(CO)CC3
74,CHEMBL72069,13200.0,4.87942606879415,nM,COc1cc2c3[nH]c4ccccc4c3c3c(c2c2c1ccn2C)C(=O)NC3=O
75,CHEMBL306501,3380.0,5.471083299722345,nM,COc1ccc2c3c4c(c5c(ccc6ccn(C)c65)c3n(CCCN3CCC(C(N)=O)CC3)c2c1)C(=O)NC4=O
76,CHEMBL311851,18000.0,4.7447274948966935,nM,COc1ccc2c3c4c(c5c(ccc6ccn(C)c65)c3n(CCN[C@H]3CC[C@H](O)CC3)c2c1)C(=O)NC4=O
77,CHEMBL23254,3800.0,5.42021640338319,nM,CC(C)[C@H](CO)Nc1nc(Nc2ccc(C(=O)O)c(Cl)c2)c2ncn(C(C)C)c2n1
78,CHEMBL74637,949.0,6.022733787572707,nM,O=C1NC(=O)c2c1c1c(ccc3cc[nH]c31)c1[nH]c3cc(O)ccc3c21
79,CHEMBL76337,8310.0,5.080398976215889,nM,Cn1ccc2ccc3c4[nH]c5c(CCCNCCO)cccc5c4c4c(c3c21)C(=O)NC4=O
80,CHEMBL308099,2350.0,5.628932137728263,nM,Cn1ccc2ccc3c4[nH]c5cc(O)ccc5c4c4c(c3c21)C(=O)NC4=O
81,CHEMBL73343,1040.0,5.982966660701219,nM,COc1ccc2c3c4c(c5c(ccc6ccn(C)c65)c3n(CCCO)c2c1)C(=O)NC4=O
82,CHEMBL306082,11700.0,4.931814138253839,nM,Cc1cc2ccn(C)c2c2c3c(c4c5ccccc5n(CCCCO)c4c12)C(=O)NC3=O
83,CHEMBL430606,12900.0,4.889410289700751,nM,Cn1ccc2ccc3c4[nH]c5c(CCN6CCNCC6)cccc5c4c4c(c3c21)C(=O)NC4=O
84,CHEMBL308979,4580.0,5.339134521996131,nM,Cn1ccc2ccc3c4[nH]c5c(CCN6CCC[C@H]6CO)cccc5c4c4c(c3c21)C(=O)NC4=O
85,CHEMBL73794,16600.0,4.779891911959945,nM,CN1CCN(CCCc2cccc3c2[nH]c2c4ccc5ccn(C)c5c4c4c(c32)C(=O)NC4=O)CC1
86,CHEMBL306856,2810.0,5.55129368009492,nM,COc1ccc2c3c4c(c5c(ccc6ccn(C)c65)c3n(CCCN3CCC(O)CC3)c2c1)C(=O)NC4=O
87,CHEMBL307630,9140.0,5.039053804266169,nM,Cn1ccc2ccc3c4[nH]c5c(CCN6CCCCC6)cccc5c4c4c(c3c21)C(=O)NC4=O
88,CHEMBL75984,4060.0,5.391473966422806,nM,Cc1ccc2[nH]c3c4ccc5ccn(C)c5c4c4c(c3c2c1)C(=O)NC4=O
89,CHEMBL310260,1620.0,5.790484985457369,nM,COc1ccc2c3c4c(c5c(ccc6ccn(C)c65)c3n(CCO)c2c1)C(=O)NC4=O
90,CHEMBL73764,9810.0,5.008330992620051,nM,Cn1ccc2ccc3c4[nH]c5c(CCN[C@H]6CC[C@H](O)CC6)cccc5c4c4c(c3c21)C(=O)NC4=O
91,CHEMBL306367,3900.0,5.4089353929735005,nM,Cc1cc2ccn(C)c2c2c3c(c4c5ccccc5n(C)c4c12)C(=O)NC3=O
92,CHEMBL73718,3740.0,5.427128397799519,nM,COc1ccc2c3c4c(c5c(ccc6ccn(C)c65)c3n(CCNCCO)c2c1)C(=O)NC4=O
93,CHEMBL76464,2930.0,5.53313237964589,nM,COc1ccc2c3c4c(c5c(ccc6ccn(C)c65)c3n(CCCN3CCN(C)CC3)c2c1)C(=O)NC4=O
94,CHEMBL312292,5890.0,5.229884705212898,nM,Cn1ccc2ccc3c4[nH]c5c(CCN6CCC(C(N)=O)CC6)cccc5c4c4c(c3c21)C(=O)NC4=O
95,CHEMBL307152,2930.0,5.53313237964589,nM,Cn1ccc2ccc3c4[nH]c5c(CCCN[C@H]6CC[C@H](O)CC6)cccc5c4c4c(c3c21)C(=O)NC4=O
96,CHEMBL73781,3150.0,5.501689446210399,nM,COc1ccc2c3c4c(c5c(ccc6ccn(C)c65)c3n(CCCNCCO)c2c1)C(=O)NC4=O
97,CHEMBL76326,6120.0,5.213248577854438,nM,Cn1ccc2ccc3c4[nH]c5c(CCNCCO)cccc5c4c4c(c3c21)C(=O)NC4=O
98,CHEMBL308252,11400.0,4.943095148663527,nM,COc1ccc2c(c1)[nH]c1c3ccc4cc[nH]c4c3c3c(c21)C(=O)NC3=O
99,CHEMBL75953,3290.0,5.482804102050025,nM,Cn1ccc2ccc3c4[nH]c5cc(OCc6ccccc6)ccc5c4c4c(c3c21)C(=O)NC4=O
100,CHEMBL23327,9000.0,5.045757490560675,nM,CC(C)[C@H](CO)Nc1nc(Nc2cccc(Cl)c2)c2ncn(C(C)C)c2n1
101,CHEMBL72076,14100.0,4.85078088734462,nM,CCN(CC)CCCc1cccc2c1[nH]c1c3ccc4ccn(C)c4c3c3c(c21)C(=O)NC3=O
102,CHEMBL73742,5310.0,5.274905478918531,nM,CCn1ccc2ccc3c(c4c(c5c6ccccc6n(CCCO)c35)C(=O)NC4=O)c21
103,CHEMBL75368,2990.0,5.52432881167557,nM,Cn1ccc2ccc3c4[nH]c5c(CCN6CCC(O)CC6)cccc5c4c4c(c3c21)C(=O)NC4=O
104,CHEMBL77155,50000.0,4.301029995663981,nM,CC(C)=CCNc1nc(N)nc2c1ncn2C(C)C
105,CHEMBL103055,14500.0,4.838631997765025,nM,CCN1CCOCCn2cc(c3ccccc32)C2=C(C(=O)NC2=O)c2cn(c3ccccc23)CCOCC1
106,CHEMBL422771,10000.0,5.0,nM,O=C(c1ccc(C(F)(F)F)cc1)n1c2cc(O)c(O)cc2c2ccc(O)c(O)c21
107,CHEMBL71210,390000.0,3.4089353929735005,nM,O=c1c2cc(O)c(O)cc2c2cc(O)c(O)cc2n1Cc1ccccc1
108,CHEMBL72035,50000.0,4.301029995663981,nM,Oc1cc2c3ccc(O)c(O)c3n(Cc3ccc(C(F)(F)F)cc3)c2cc1O
109,CHEMBL71144,500.0,6.301029995663981,nM,Oc1cc2c3ccc(O)c(O)c3n(CCCc3ccccc3)c2cc1O
110,CHEMBL305794,250000.0,3.6020599913279625,nM,O=S(=O)(c1ccccc1)n1c2cc(O)c(O)cc2c2ccc(O)c(O)c21
111,CHEMBL69240,47000.0,4.327902142064283,nM,Oc1cc2[nH]c3c(O)c(O)ccc3c2cc1O
112,CHEMBL308175,4200.0,5.376750709602099,nM,O=C(c1ccc(Br)cc1)n1c2cc(O)c(O)cc2c2ccc(O)c(O)c21
113,CHEMBL304808,6600.0,5.180456064458131,nM,N#Cc1ccc(Cn2c3cc(O)c(O)cc3c3c(Br)cc(O)c(O)c32)cc1
114,CHEMBL307112,415000.0,3.3819519032879075,nM,O=C(c1ccccc1)n1c2cc(O)c(O)cc2c2cc(O)c(O)cc21
115,CHEMBL302483,92000.0,4.036212172654444,nM,Oc1cc2nc(O)c3c(O)c(O)ccc3c2cc1O
116,CHEMBL70346,17000.0,4.769551078621726,nM,Oc1cc2[nH]c3c(O)c(O)cc(Br)c3c2cc1O
117,CHEMBL308112,50000.0,4.301029995663981,nM,CC(C)(C)c1ccc(C(=O)n2c3cc(O)c(O)cc3c3ccc(O)c(O)c32)cc1
118,CHEMBL6246,600.0,6.221848749616356,nM,O=c1oc2c(O)c(O)cc3c(=O)oc4c(O)c(O)cc1c4c23
119,CHEMBL304362,3200.0,5.494850021680094,nM,O=C(c1ccc(-c2ccccc2)cc1)n1c2cc(O)c(O)cc2c2ccc(O)c(O)c21
120,CHEMBL69174,1500.0,5.823908740944319,nM,O=C(c1cccc([N+](=O)[O-])c1)n1c2cc(O)c(O)cc2c2ccc(O)c(O)c21
121,CHEMBL71002,7000.0,5.154901959985743,nM,O=C(c1ccc(C(F)(F)F)cc1)n1c2cc(O)c(O)cc2c2c(Br)cc(O)c(O)c21
122,CHEMBL73937,23000.0,4.638272163982407,nM,Cc1cccc(Cn2c3cc(O)c(O)cc3c3ccc(O)c(O)c32)c1
123,CHEMBL302472,51000.0,4.292429823902063,nM,O=c1c2cc(O)c(O)cc2c2cc(O)c(O)cc2n1Cc1ccc(S(=O)(=O)c2ccccc2)cc1
124,CHEMBL69237,20000.0,4.698970004336019,nM,O=c1c2cc(O)c(O)cc2c2cc(O)c(O)cc2n1Cc1ccc(Cl)c(Cl)c1
125,CHEMBL421872,78000.0,4.107905397309519,nM,O=S(=O)(Cc1ccccc1)n1c2cc(O)c(O)cc2c2ccc(O)c(O)c21
126,CHEMBL308311,223000.0,3.6516951369518393,nM,O=S(=O)(c1cc(Cl)ccc1Cl)n1c2cc(O)c(O)cc2c2ccc(O)c(O)c21
127,CHEMBL71206,410000.0,3.3872161432802645,nM,O=c1c2c(O)c(O)ccc2c2cc(O)c(O)cc2n1Cc1ccc(Cl)c(Cl)c1
128,CHEMBL304361,1000.0,6.0,nM,O=C(c1ccc2ccccc2c1)n1c2cc(O)c(O)cc2c2ccc(O)c(O)c21
129,CHEMBL305234,8400.0,5.075720713938118,nM,O=c1c2cc(O)c(O)cc2c2cc(O)c(O)cc2n1Cc1ccc([N+](=O)[O-])cc1
130,CHEMBL70942,284000.0,3.546681659952962,nM,O=c1c2c(O)c(O)ccc2c2cc(O)c(O)cc2n1Cc1ccccc1
131,CHEMBL308438,210000.0,3.6777807052660805,nM,Oc1cc2c3ccc(O)c(O)c3n(Cc3ccccc3)c2cc1O
132,CHEMBL302325,168000.0,3.7746907182741367,nM,O=[N+]([O-])c1ccc(S(=O)(=O)n2c3cc(O)c(O)cc3c3ccc(O)c(O)c32)cc1
133,CHEMBL306019,275000.0,3.560667306169737,nM,N#Cc1ccc(Cn2c3cc(O)c(O)cc3c3ccc(O)c(O)c32)cc1
134,CHEMBL72338,2300.0,5.638272163982407,nM,O=C(CCc1ccccc1)n1c2cc(O)c(O)cc2c2ccc(O)c(O)c21
135,CHEMBL305223,40000.0,4.3979400086720375,nM,CS(=O)(=O)c1ccc(C(=O)n2c3cc(O)c(O)cc3c3ccc(O)c(O)c32)cc1
136,CHEMBL305621,317000.0,3.498940737782249,nM,O=S(=O)(c1ccccc1)c1ccc(Cn2c3cc(O)c(O)cc3c3ccc(O)c(O)c32)cc1
137,CHEMBL302824,634000.0,3.1979107421182675,nM,O=c1c2c(O)c(O)ccc2c2cc(O)c(O)cc2n1Cc1ccc(S(=O)(=O)c2ccccc2)cc1
138,CHEMBL304983,435000.0,3.361510743045363,nM,Oc1cc2c3ccc(O)c(O)c3n(Cc3c(Cl)cccc3Cl)c2cc1O
139,CHEMBL266154,108000.0,3.9665762445130506,nM,Oc1cc2c3cc(O)c(O)cc3n(Cc3cccnc3)c2cc1O
140,CHEMBL70413,541000.0,3.2668027348934308,nM,CCn1c(=O)c2c(O)c(O)ccc2c2cc(O)c(O)cc21
141,CHEMBL73721,40000.0,4.3979400086720375,nM,CC(C)(C)c1ccc(C(=O)n2c3cc(O)c(O)cc3c3c(Br)cc(O)c(O)c32)cc1
142,CHEMBL302981,4000.0,5.3979400086720375,nM,CS(=O)(=O)c1ccc(C(=O)n2c3cc(O)c(O)cc3c3c(Br)cc(O)c(O)c32)cc1
143,CHEMBL305966,374000.0,3.42712839779952,nM,Oc1cc2c3ccc(O)c(O)c3n(Cc3ccc(Br)cc3)c2cc1O
144,CHEMBL71205,309000.0,3.5100415205751654,nM,O=c1c2c(O)c(O)ccc2c2cc(O)c(O)cc2n1Cc1ccc([N+](=O)[O-])cc1
145,CHEMBL70750,115000.0,3.939302159646388,nM,Oc1cc2c3cc(O)c(O)cc3n(Cc3ccccc3)c2cc1O
146,CHEMBL70659,58000.0,4.236572006437063,nM,Oc1cc2[nH]c3cc(O)c(O)cc3c2cc1O
147,CHEMBL70594,240000.0,3.6197887582883936,nM,O=C(c1ccccc1)n1c2cc(O)c(O)cc2c2ccc(O)c(O)c21
148,CHEMBL48546,4300.0,5.366531544420413,nM,COC(=O)c1cccc(O)c1C(=O)c1c(O)cc(C(=O)OC2CNCC2Cc2ccc(O)cc2)cc1O
149,CHEMBL149313,1300.0,5.886056647693163,nM,COC(=O)c1cccc(O)c1C(=O)c1c(O)cc(C(=O)OCCCc2ccc(O)cc2)cc1O
150,CHEMBL58436,340000.0,3.4685210829577446,nM,c1cc(Nc2nccc(-c3cccnc3)n2)cc(OCCn2ccnc2)c1
151,CHEMBL55379,73000.0,4.136677139879544,nM,FC(F)C(F)(F)Oc1cccc(Nc2nccc(-c3c[nH]c4ccccc34)n2)c1
152,CHEMBL56904,475000.0,3.3233063903751336,nM,CN1CCN(Cc2ccc(C(=O)Nc3cccc(Nc4nccc(-c5cccnc5)n4)c3)cc2)CC1
153,CHEMBL293991,2000.0,5.698970004336019,nM,NCCCn1ccc2c(-c3ccnc(Nc4cccc(OC(F)(F)C(F)F)c4)n3)cccc21
154,CHEMBL48665,260.0,6.585026652029182,nM,COC(=O)c1cccc(O)c1C(=O)c1c(O)cc(C(=O)OC2CCCC2Cc2ccc(O)cc2)cc1O
155,CHEMBL57553,6000.0,5.221848749616356,nM,Nc1cccc(Nc2nccc(-c3cccnc3)n2)c1
156,CHEMBL146847,930.0,6.031517051446064,nM,COC(=O)c1cccc(O)c1C(=O)c1c(O)cc(C(=O)OC[C@@H](Cc2ccc(O)cc2)NS(=O)(=O)c2ccccc2)cc1O
157,CHEMBL50226,500000.0,3.3010299956639813,nM,Nc1nccc(-c2cc3ccccc3[nH]2)n1
158,CHEMBL296682,90.0,7.045757490560675,nM,Nc1nccc(-c2c[nH]c3c(Br)ccc(O)c23)n1
159,CHEMBL44545,210.0,6.6777807052660805,nM,Nc1nccc(-c2c[nH]c3cc(Br)cc(O)c23)n1
160,CHEMBL46440,1000.0,6.0,nM,Nc1nccc(-c2c[nH]c3cc(Br)ccc23)n1
161,CHEMBL48082,120000.0,3.920818753952375,nM,Nc1nccc(-c2c[nH]c3ccccc23)n1
162,CHEMBL50498,11000.0,4.958607314841775,nM,Nc1nccc(-c2c[nH]c3cccc(O)c23)n1
163,CHEMBL296271,3200.0,5.494850021680094,nM,Nc1nccc(-c2c[nH]c3cc(Br)c(Br)cc23)n1
164,CHEMBL44541,700.0,6.154901959985743,nM,Nc1nccc(-c2c[nH]c3ccc(Br)cc23)n1
165,CHEMBL177308,50000.0,4.301029995663981,nM,O=C(N[C@@H]1c2ccccc2CC1OC(=O)c1cc(O)c(C(=O)c2c(O)cccc2C(=O)O)c(O)c1)c1ccc(O)cc1
166,CHEMBL177635,70.0,7.154901959985743,nM,O=C(N[C@@H]1CNCC1OC(=O)c1cc(O)c(C(=O)c2c(O)cccc2C(=O)O)c(O)c1)c1ccc(O)cc1
167,CHEMBL49354,790.0,6.102372908709558,nM,O=C(NC1CNCCCC1OC(=O)c1cc(O)c(C(=O)c2c(O)cccc2C(=O)O)c(O)c1)c1ccc(O)cc1
168,CHEMBL534909,500000.0,3.3010299956639813,nM,CCn1cnc2c(Nc3cccc(C(F)(F)F)c3)nc(NCCN)nc21.Cl
169,CHEMBL367625,150000.0,3.8239087409443187,nM,CCn1cnc2c(Nc3cccc(Cl)c3)nc(N[C@@H]3CCCC[C@@H]3N)nc21
170,CHEMBL368278,130000.0,3.886056647693163,nM,CCn1cnc2c(Nc3cccc(Cl)c3)nc(N[C@H]3CCC[C@@H](N)C3)nc21
171,CHEMBL427118,30.0,7.522878745280337,nM,O=C(N[C@@H]1CCCC1OC(=O)c1cc(O)c(C(=O)c2c(O)cccc2C(=O)O)c(O)c1)c1ccc(O)cc1
172,CHEMBL367488,5200.0,5.2839966563652006,nM,O=C(N[C@H]1CNCCCC1OC(=O)c1cc(O)c(C(=O)c2c(O)cccc2C(=O)O)c(O)c1)c1ccc(O)cc1
173,CHEMBL173647,180000.0,3.7447274948966935,nM,CCn1cnc2c(Nc3cccc(Cl)c3)nc(NCCN)nc21
174,CHEMBL367127,50000.0,4.301029995663981,nM,O=C(N[C@@H]1c2ccccc2C[C@@H]1OC(=O)c1cc(O)c(C(=O)c2c(O)cccc2C(=O)O)c(O)c1)c1ccc(O)cc1
175,CHEMBL16958,25700.0,4.590066876668706,nM,O=C1NCc2c1c1c3ccccc3[nH]c1c1[nH]c3ccccc3c21
176,CHEMBL540848,3500.0,5.455931955649724,nM,CC1CNCCN1S(=O)(=O)c1cccc2cnccc12.Cl.Cl
177,CHEMBL127277,34000.0,4.468521082957745,nM,O=C1NC(O)c2c1c1c3ccccc3[nH]c1c1[nH]c3ccccc3c21
178,CHEMBL428973,1200.0,5.920818753952375,nM,C[C@H](NC(=O)[C@H](C)NS(=O)(=O)c1cccc2cnccc12)C(=O)N[C@@H](C)C(=O)N[C@@H](CCCN=C(N)N)C(=O)N[C@@H](CCCN=C(N)N)C(=O)N[C@@H](CCCN=C(N)N)C(=O)N[C@@H](CCCN=C(N)N)C(=O)O
179,CHEMBL436718,3.0,8.522878745280337,nM,N=C(N)NCCC[C@H](NC(=O)[C@H](CCCNC(=N)N)NC(=O)[C@H](CCCNC(=N)N)NC(=O)[C@H](CCCNC(=N)N)NC(=O)[C@H](CCCNC(=N)N)NC(=O)[C@H](CCCNC(=N)N)NC(=O)[C@H](CO)NC(=O)CCNCCNS(=O)(=O)c1cccc2cnccc12)C(=O)O
180,CHEMBL268368,60000.0,4.221848749616356,nM,O=C1NC(=O)c2c1c1c3ccccc3[nH]c1c1[nH]c3ccccc3c21
181,CHEMBL407100,1200.0,5.920818753952375,nM,C[C@H](NC(=O)[C@H](C)NC(=O)[C@H](C)NS(=O)(=O)c1cccc2cnccc12)C(=O)N[C@@H](C)C(=O)N[C@@H](CO)C(=O)N[C@@H](CCCN=C(N)N)C(=O)N[C@@H](CCCN=C(N)N)C(=O)N[C@@H](CCCN=C(N)N)C(=O)N[C@@H](CCCN=C(N)N)C(=O)O
182,CHEMBL75773,6000.0,5.221848749616356,nM,O=S(=O)(c1cccc2cnccc12)N1CCNCC1
183,CHEMBL415414,300.0,6.522878745280337,nM,C[C@H](NC(=O)[C@H](C)NS(=O)(=O)c1cccc2cnccc12)C(=O)N[C@@H](CO)C(=O)N[C@@H](CCCN=C(N)N)C(=O)N[C@@H](CCCN=C(N)N)C(=O)N[C@@H](CCCN=C(N)N)C(=O)N[C@@H](CCCN=C(N)N)C(=O)N[C@@H](CCCN=C(N)N)C(=O)N[C@@H](CCCN=C(N)N)C(=O)O
184,CHEMBL574737,250.0,6.6020599913279625,nM,CN[C@@H]1C[C@H]2O[C@@](C)([C@@H]1OC)n1c3ccccc3c3c4c(c5c6ccccc6n2c5c31)C(=O)N[C@H]4O
185,CHEMBL265876,1200.0,5.920818753952375,nM,C[C@H](NC(=O)[C@H](C)NS(=O)(=O)c1cccc2cnccc12)C(=O)N[C@@H](CO)C(=O)N[C@@H](CCCN=C(N)N)C(=O)N[C@@H](CCCN=C(N)N)C(=O)N[C@@H](CCCN=C(N)N)C(=O)N[C@@H](CCCN=C(N)N)C(=O)O
186,CHEMBL291126,18.5,7.732828271596986,nM,O=C1NC(=O)c2c1c1c3ccccc3n3c1c1c2c2ccccc2n1[C@@H]1O[C@H]3C[C@@H]1CO
187,CHEMBL351282,2000.0,5.698970004336019,nM,COC(=O)CCNCCNS(=O)(=O)c1cccc2cnccc12
188,CHEMBL344314,2000.0,5.698970004336019,nM,NCCNS(=O)(=O)c1cccc2cnccc12
189,CHEMBL59785,103.0,6.987162775294828,nM,O=C1NC(=O)c2c1c1c3ccccc3[nH]c1c1[nH]c3cccc(Br)c3c21
190,CHEMBL383541,38.0,7.42021640338319,nM,N[C@H](COc1cncc(/C=C/c2ccncc2)c1)Cc1c[nH]c2ccccc12
191,CHEMBL606964,9010.0,5.045275209020938,nM,COc1ccc(N2Cc3cnc(Nc4ccc(F)cc4)nc3N([C@@H]3CC[C@@H](O)C3)C2=O)cc1
192,CHEMBL383264,2.1,8.67778070526608,nM,N[C@H](COc1cncc(-c2ccc3cnccc3c2)c1)Cc1c[nH]c2ccccc12
193,CHEMBL377085,27000.0,4.568636235841013,nM,Cc1cc(C)c2c(N)c(C(N)=O)sc2n1
194,CHEMBL210390,8.0,8.096910013008056,nM,Nc1cc2cc(-c3cncc(OC[C@@H](N)Cc4c[nH]c5ccccc45)c3)ccc2cn1
195,CHEMBL210246,48.0,7.318758762624412,nM,N[C@H](COc1cncc(-c2ccc3cnc(F)cc3c2)c1)Cc1c[nH]c2ccccc12
196,CHEMBL207544,1.0,9.0,nM,C#Cc1ncc(OC[C@@H](N)Cc2c[nH]c3ccccc23)cc1-c1ccc2cnccc2c1
197,CHEMBL378963,5.0,8.301029995663981,nM,N[C@H](COc1cnc(Cl)c(-c2ccc3cnccc3c2)c1)Cc1c[nH]c2ccccc12
198,CHEMBL213618,0.1,10.0,nM,CNc1nccc(-c2ccc(C(=O)N[C@H](CN)Cc3ccc(Cl)cc3Cl)s2)n1
199,CHEMBL104264,1200.0,5.920818753952375,nM,O=S(=O)(NCCNC/C=C/c1ccc(Br)cc1)c1cccc2cnccc12
200,CHEMBL218747,122000.0,3.9136401693252516,nM,CCc1cccc2c1CNc1c(cccc1CCc1ccccc1)/C=C\2COc1ccccc1NC(C)=O
201,CHEMBL228133,33.0,7.481486060122112,nM,Clc1ccc(C2(c3ccc(-c4ncnc5[nH]cnc45)cc3)CCNCC2)cc1
202,CHEMBL228042,15.0,7.823908740944319,nM,CNC(c1ccc(Cl)cc1)c1ccc(-c2ncnc3[nH]cnc23)cc1
203,CHEMBL227605,610.0,6.214670164989233,nM,NC(Cc1ccccc1)c1ccc(-c2ncnc3[nH]cnc23)cc1
204,CHEMBL375509,5500.0,5.259637310505756,nM,CNCc1cccc(-c2ncnc3[nH]cnc23)c1
205,CHEMBL376388,5200.0,5.2839966563652006,nM,CNCc1ccc(-c2ncnc3[nH]cnc23)cc1
206,CHEMBL227381,170.0,6.769551078621726,nM,O=S(=O)(NCCNCCOCc1ccc(Cl)cc1)c1cccc2cnccc12
207,CHEMBL374805,18.0,7.7447274948966935,nM,N[C@H](COc1cncc(-c2ccc3[nH]ncc3c2)c1)Cc1c[nH]c2ccccc12
208,CHEMBL226383,371.0,6.430626090384954,nM,N[C@H](COc1cncc(-c2cc3c(-c4ccccc4)n[nH]c3cn2)c1)Cc1ccccc1
209,CHEMBL375485,274.0,6.562249437179612,nM,N[C@H](COc1cncc(-c2cc3c(-c4ccco4)n[nH]c3cn2)c1)Cc1ccccc1
210,CHEMBL226382,32.0,7.494850021680094,nM,C=Cc1n[nH]c2cnc(-c3cncc(OC[C@@H](N)Cc4ccccc4)c3)cc12
211,CHEMBL226332,46.0,7.337242168318426,nM,N[C@H](COc1cncc(-c2cc3c(Cl)n[nH]c3cn2)c1)Cc1ccccc1
212,CHEMBL376570,32.0,7.494850021680094,nM,Cc1n[nH]c2cnc(-c3cncc(OC[C@@H](N)Cc4ccccc4)c3)cc12
213,CHEMBL376569,15.0,7.823908740944319,nM,Cc1n[nH]c2cnc(-c3cncc(OC[C@@H](N)Cc4c[nH]c5ccccc45)c3)cc12
214,CHEMBL226330,110.0,6.958607314841775,nM,N[C@H](COc1cncc(-c2cc3cn[nH]c3cn2)c1)Cc1c[nH]c2ccccc12
215,CHEMBL225789,58.0,7.236572006437063,nM,Nc1cc2[nH]nc(Cl)c2cc1-c1cncc(OC[C@@H](N)Cc2c[nH]c3ccccc23)c1
216,CHEMBL374808,16.0,7.795880017344075,nM,N[C@H](COc1cncc(-c2ccc3[nH]nc(C(F)(F)F)c3c2)c1)Cc1c[nH]c2ccccc12
217,CHEMBL226148,6.8,8.167491087293763,nM,N[C@H](COc1cncc(-c2ccc3[nH]nc(Cl)c3c2)c1)Cc1c[nH]c2ccccc12
218,CHEMBL541643,3400.0,5.468521082957745,nM,Cl.Oc1cccc(-c2nc(N3CCOCC3)c3sccc3n2)c1
219,CHEMBL226850,78.0,7.107905397309519,nM,N[C@H](COc1cncc(-c2cc3cn[nH]c3cn2)c1)Cc1cccc(C(F)(F)F)c1
220,CHEMBL427422,7.0,8.154901959985743,nM,Cc1n[nH]c2cnc(-c3cncc(OC[C@@H](N)Cc4cccc(F)c4F)c3)cc12
221,CHEMBL226898,13.0,7.886056647693163,nM,Cc1n[nH]c2cnc(-c3cncc(OC[C@@H](N)Cc4cccc(C(F)(F)F)c4)c3)cc12
222,CHEMBL388312,15.0,7.823908740944319,nM,N[C@H](COc1cncc(-c2cc3c(Cl)n[nH]c3cn2)c1)Cc1cccc(C(F)(F)F)c1
223,CHEMBL226625,5.0,8.301029995663981,nM,Cc1n[nH]c2ccc(-c3cncc(OC[C@@H](N)Cc4cccc(C(F)(F)F)c4)c3)cc12
224,CHEMBL438483,9.0,8.045757490560675,nM,Cc1n[nH]c2ccc(-c3cncc(OC[C@@H](N)Cc4cccc(F)c4F)c3)cc12
225,CHEMBL245212,10300.0,4.987162775294828,nM,N#Cc1cnc2c(F)cc(NCc3c[nH]cn3)cc2c1Nc1ccc(F)c(Cl)c1
226,CHEMBL230654,76100.0,4.118615343229427,nM,CCCc1[nH]cnc1CNc1cc(Cl)c2ncc(C#N)c(Nc3ccc(F)c(Cl)c3)c2c1
227,CHEMBL436817,40100.0,4.396855627379818,nM,N#Cc1cnc2c(Cl)cc(NCc3cnc[nH]3)cc2c1Nc1ccc(F)c(Cl)c1
228,CHEMBL92361,16000.0,4.795880017344075,nM,O=C(O)Cc1c2ccccc2n2c1[nH]c(=O)c1ccccc12
229,CHEMBL3613599,2.6,8.585026652029182,nM,Cc1c[nH]c2ncnc(N3CCC(CN(C)C)(C(=O)Nc4cccc(OC(=O)N(C)C)c4)CC3)c12
230,CHEMBL3613600,24.0,7.619788758288394,nM,COC(=O)c1cccc(NC(=O)C2(CN(C)C)CCN(c3ncnc4[nH]cc(C)c34)CC2)c1
231,CHEMBL3613601,81.0,7.0915149811213505,nM,COC(=O)c1cccc(NC(=O)C2(N)CCN(c3ncnc4[nH]cc(C)c34)CC2)c1
232,CHEMBL3613602,150.0,6.823908740944319,nM,COC(=O)c1cccc(NC(=O)C2(N(C)C)CCN(c3ncnc4[nH]cc(C)c34)CC2)c1
233,CHEMBL3613603,5.4,8.267606240177031,nM,COC(=O)COc1cccc(NC(=O)C2(CN(C)C)CCN(c3ncnc4[nH]cc(C)c34)CC2)c1
234,CHEMBL3613604,7.0,8.154901959985743,nM,COC(=O)Cc1cccc(NC(=O)C2(CN(C)C)CCN(c3ncnc4[nH]cc(C)c34)CC2)c1
235,CHEMBL3613605,2.7,8.568636235841012,nM,COC(=O)c1ccc(NC(=O)C2(CN(C)C)CCN(c3ncnc4[nH]cc(C)c34)CC2)cc1
236,CHEMBL3613606,5.8,8.236572006437063,nM,CCCOC(=O)c1cccc(NC(=O)C2(CN(C)C)CCN(c3ncnc4[nH]cc(C)c34)CC2)c1
237,CHEMBL3613607,22.0,7.657577319177793,nM,Cc1c[nH]c2ncnc(N3CCC(CN(C)C)(C(=O)Nc4cccc(C(=O)OC(C)C)c4)CC3)c12
238,CHEMBL3613608,24.0,7.619788758288394,nM,CCC(C)OC(=O)c1cccc(NC(=O)C2(CN(C)C)CCN(c3ncnc4[nH]cc(C)c34)CC2)c1
239,CHEMBL3613609,2.2,8.657577319177793,nM,C#CCOC(=O)c1cccc(NC(=O)C2(CN(C)C)CCN(c3ncnc4[nH]cc(C)c34)CC2)c1
240,CHEMBL3613610,1.1,8.958607314841775,nM,COC(=O)c1cccc(NC(=O)C2(CN(C)C)CCN(c3ncnc4[nH]ccc34)CC2)c1
241,CHEMBL3613611,5.1,8.292429823902063,nM,COC(=O)c1cccc(NC(=O)C2(CN(C)C)CCN(c3ncnc4[nH]ncc34)CC2)c1
242,CHEMBL3613612,3.8,8.42021640338319,nM,COC(=O)c1cccc(NC(=O)C2(CN(C)C)CCN(c3ccnc4[nH]ncc34)CC2)c1
243,CHEMBL3613613,1130.0,5.94692155651658,nM,COC(=O)c1cccc(NC(=O)C2(CN(C)C)CCN(c3ncnc4c3CC(=O)N4)CC2)c1
244,CHEMBL3613614,69.0,7.161150909262744,nM,COC(=O)c1cccc(NC(=O)C2(N)CCN(c3ncnc4[nH]ccc34)CC2)c1
245,CHEMBL3613622,332.0,6.478861916295964,nM,COC(=O)c1cccc(NC(=O)C2(CN(C)C)CCN(c3ncnc4[nH]c(C)cc34)CC2)c1
246,CHEMBL5172395,57000.0,4.2441251443275085,nM,CC(C)[C@@H]1NC(=O)[C@H](CCCNC(=N)N)NC(=O)[C@H](Cc2ccccc2)NC(=O)[C@H]([C@@H](C)O)NC(=O)[C@@H](N)CSSC[C@@H](C(=O)NCC(N)=O)NC(=O)NC(=O)[C@H](Cc2ccccc2)NC1=O
247,CHEMBL5181354,159.0,6.798602875679549,nM,CO[C@@H]1[C@H](N(C)C(=O)CCC(=O)O)C[C@H]2O[C@]1(C)n1c3ccccc3c3c4c(c5c6ccccc6n2c5c31)C(=O)NC4
248,CHEMBL5188493,2.6,8.585026652029182,nM,CO[C@@H]1[C@H](N(C)C(=O)CCC(=O)NCCCOCCOCCOCCCNC(=O)COCC(=O)N[C@H]2CSSC[C@@H](C(=O)NCC(N)=O)NC(=O)NC(=O)[C@H](Cc3ccccc3)NC(=O)[C@H](C(C)C)NC(=O)[C@H](CCCNC(=N)N)NC(=O)[C@H](Cc3ccccc3)NC(=O)[C@H]([C@@H](C)O)NC2=O)C[C@H]2O[C@]1(C)n1c3ccccc3c3c4c(c5c6ccccc6n2c5c31)C(=O)NC4
249,CHEMBL38380,4580.0,5.339134521996131,nM,O=S(=O)(c1cccc2cnccc12)N1CCCNCC1
250,CHEMBL495739,50.0,7.301029995663981,nM,Cl.O=S(=O)(NCCNC/C=C/c1ccc(Br)cc1)c1cccc2cnccc12
251,CHEMBL4459800,790.0,6.102372908709558,nM,COc1cccc([C@@H](C)NC(=O)c2ccc(-c3ccnc(F)c3)cc2)c1
252,CHEMBL5176687,1750.0,5.756961951313706,nM,COc1cccc([C@@H](C)NC(=O)c2ccc(-c3ccnc(F)c3)nc2)c1
253,CHEMBL60254,4.0,8.397940008672037,nM,O=C(N[C@@H]1CNCCC[C@H]1OC(=O)c1cc(O)c(C(=O)c2c(O)cccc2C(=O)O)c(O)c1)c1ccc(O)cc1
